Metric,Value
Timestamp,2026-10-07 11:52:13
Dataset,Tech Growth Stock (synthetic)
Date_First,2024-01-01
Date_Last,2025-02-21
Model,Exp. Smoothing (a=0.3, b=0.1)
Rows_Used,300
Train_Pct,80
Test_Pct,20
Train_Samples,240
Test_Samples,60
AR_Lookback,10
ES_Alpha,0.3
ES_Beta,0.1
RMSE,3.1122527
MAE,2.4522682
MAPE_pct,1.5412351
R2,0.8592378
Direction_Accuracy_pct,56.666667
Prediction_Accuracy_pct,98.458765
Naive_RMSE,2.5810353
Current_Price,171.36329
Predicted_Next_Price,170.75882
Rough_Band_Low_NOT_a_true_prediction_interval,165.30274
Rough_Band_High_NOT_a_true_prediction_interval,176.2149
Predicted_Change_pct,-0.3527399
Signal,HOLD
Buy_Threshold_pct,0.5
Sell_Threshold_pct,-0.5
WalkForward_RMSE_Naive,2.4551011
WalkForward_RMSE_LR,2.5608016
WalkForward_RMSE_AR,2.5354967
WalkForward_RMSE_ES,3.2314485
Best_Model,AR

Index,Date,Actual,Predicted
1,2024-12-02,153.94145,158.40135
2,2024-12-03,153.26595,157.01568
3,2024-12-04,153.44475,155.73057
4,2024-12-05,149.81503,154.81606
5,2024-12-06,147.68738,152.93696
6,2024-12-09,149.67144,150.8258
7,2024-12-10,151.52888,149.90858
8,2024-12-11,150.50543,149.87237
9,2024-12-12,155.67784,149.55897
10,2024-12-13,152.24418,151.07489
11,2024-12-16,151.48338,151.14101
12,2024-12-17,151.03639,150.96932
13,2024-12-18,143.80314,150.71706
14,2024-12-19,149.08562,148.16308
15,2024-12-20,150.25213,147.98772
16,2024-12-23,147.63044,148.28285
17,2024-12-24,153.36693,147.68336
18,2024-12-25,155.17836,149.15517
19,2024-12-26,156.57054,150.90957
20,2024-12-27,155.05512,152.72513
21,2024-12-30,155.53841,153.61129
22,2024-12-31,151.50679,154.43441
23,2025-01-01,153.87505,153.71327
24,2025-01-02,153.02496,153.92381
25,2025-01-03,153.57882,153.78919
26,2025-01-06,157.12645,153.85481
27,2025-01-07,158.1235,155.06318
28,2025-01-08,159.06307,156.29996
29,2025-01-09,160.04864,157.53047
30,2025-01-10,158.13971,158.76305
31,2025-01-13,160.73016,159.03447
32,2025-01-14,165.45635,160.05247
33,2025-01-15,167.93314,162.34505
34,2025-01-16,170.83433,164.86053
35,2025-01-17,168.35977,167.67094
36,2025-01-20,165.94942,168.91652
37,2025-01-21,161.89488,168.97631
38,2025-01-22,165.72467,167.58936
39,2025-01-23,165.16626,167.71149
40,2025-01-24,169.58424,167.5531
41,2025-01-27,167.41493,168.82856
42,2025-01-28,166.30113,169.02817
43,2025-01-29,166.78705,168.75196
44,2025-01-30,169.78008,168.64543
45,2025-01-31,170.16992,169.50281
46,2025-02-03,171.02294,170.23994
47,2025-02-04,171.27924,171.03533
48,2025-02-05,172.0327,171.67631
49,2025-02-06,168.81241,172.36173
50,2025-02-07,169.26149,171.76895
51,2025-02-10,168.89655,171.41351
52,2025-02-11,168.92647,170.97971
53,2025-02-12,170.6348,170.62343
54,2025-02-13,168.75929,170.88687
55,2025-02-14,168.70511,170.4448
56,2025-02-17,168.00601,170.0669
57,2025-02-18,169.47597,169.53082
58,2025-02-19,172.09335,169.59491
59,2025-02-20,169.36216,170.49993
60,2025-02-21,171.36329,170.27996
